v1_Phantom,v2_Phantom
0,-1
1,-1
2,0
3,1
4,2
5,3
6,4
7,5
8,6
9,7
10,8
11,9
12,10
13,-1
14,-1
15,11
16,-1
17,12
18,13
19,14
20,-1
21,15
22,16
23,17
24,18
25,19
26,20
27,21
28,22
29,23
30,24
31,25
32,26
33,27
34,28
35,29
36,30
37,31
38,32
39,33
40,34
41,35
42,36
43,37
44,38
45,39
46,40
47,41
48,42
49,43
50,44
51,45
52,46
53,47
54,48
55,49
56,50
57,51
58,52
59,53
60,54
61,55
62,56
63,57
64,58
65,59
66,60
67,61
68,62
69,63
70,64
71,65
72,66
73,67
74,68
75,69
76,70
77,71
78,72
79,73
80,74
81,75
82,76
83,77
84,78
85,79
86,80
87,81
88,82
89,83
90,84
91,85
92,86
93,87
94,88
95,89
96,90
97,91
98,92
99,93
100,94
101,95
102,96
103,97
104,98
105,99
106,100
107,101
108,102
109,103
110,104
111,105
112,106
113,107
114,108
115,109
116,110
117,111
118,112
119,113
120,114
121,115
122,116
123,117
124,118
125,119
126,120
127,121
128,122
129,123
130,124
131,125
132,126
133,127
134,128
135,129
136,130
137,131
138,132
139,133
140,134
141,135
142,136
143,137
144,138
145,139
146,140
147,141
148,142
149,143
150,144
151,145
152,146
153,147
154,148
155,149
156,150
157,151
158,152
159,153
160,154
161,155
162,156
163,157
164,158
165,159
166,160
167,161
168,162
169,163
170,164
171,165
172,166
173,167
174,168
175,169
176,170
177,171
178,172
179,173
180,174
181,175
182,176
183,177
184,178
185,179
186,180
187,181
188,182
189,183
190,184
191,185
192,186
193,187
194,188
195,189
196,190
197,191
198,192
199,193
200,194
201,195
202,196
203,197
204,198
205,199
206,200
207,201
208,202
209,203
210,204
211,205
212,206
213,207
214,208
215,209
216,210
217,211
218,212
219,213
220,214
221,215
222,216
223,217
224,218
225,219
226,220
227,221
228,222
229,223
230,224
231,225
232,226
233,227
234,-1
235,228
236,229
237,230
238,-1
239,231
240,232
241,233
242,234
243,235
244,236
245,237
246,238
247,239
248,240
249,241
250,242
251,243
252,244
253,245
254,246
255,247
256,248
257,249
258,250
259,251
260,252
261,253
262,254
263,255
264,256
265,257
266,258
267,259
268,260
269,261
270,262
271,263
272,264
273,-1
274,-1
275,265
276,266
277,267
278,268
279,269
280,270
281,271
282,272
283,273
284,274
285,275
286,276
287,277
288,278
289,279
290,280
291,281
292,282
293,283
294,-1
295,285
296,286
297,287
298,288
299,289
300,284
301,-1
302,290
303,291
304,292
305,293
306,294
307,295
308,296
309,297
310,298
311,299
312,300
313,301
314,302
315,303
316,304
317,305
318,306
319,307
320,308
321,309
322,310
323,311
324,312
325,313
326,314
327,315
328,316
329,317
330,318
331,319
332,320
333,321
334,322
335,323
336,324
337,325
338,326
339,327
340,328
341,329
342,330
343,331
344,332
345,333
346,334
347,335
348,336
349,337
350,338
351,339
352,340
353,341
354,342
355,343
356,344
357,345
358,346
359,347
360,348
361,349
362,350
363,351
364,352
365,353
366,354
367,355
368,356
369,357
370,358
371,359
372,360
373,361
374,362
375,363
376,364
377,365
378,366
379,367
380,368
381,369
382,370
383,371
384,372
385,373
386,374
387,375
388,376
389,377
390,378
391,379
392,380
393,381
394,382
395,383
396,384
397,385
398,386
399,387
400,388
401,389
402,390
403,391
404,392
405,393
406,394
407,395
408,396
409,397
410,398
411,399
412,400
413,401
414,402
415,403
416,404
417,405
418,406
419,407
420,408
421,409
422,410
423,411
424,412
425,413
426,414
427,415
428,416
429,417
430,418
431,419
432,420
433,421
434,422
435,423
436,424
437,425
438,426
439,427
440,428
441,429
442,430
443,431
444,432
445,433
446,434
447,435
448,436
449,437
450,438
451,439
452,440
453,441
454,442
455,443
456,444
457,445
458,446
459,447
460,448
461,449
462,450
463,451
464,452
465,453
466,454
467,455
468,456
469,457
470,458
471,459
472,460
473,461
474,462
475,463
476,464
477,465
478,466
479,467
480,468
481,469
482,-1
483,-1
484,473
485,474
486,475
487,476
488,470
489,471
490,472
491,477
492,478
493,-1
494,479
495,480
496,-1
497,481
498,482
499,483
500,484
501,485
502,486
503,487
504,488
505,489
506,490
507,491
508,492
509,493
510,-1
511,494
512,495
513,496
514,497
515,498
516,499
517,500
518,501
519,502
520,503
521,504
522,505
523,506
524,507
525,508
526,509
527,510
528,511
529,512
530,513
531,514
532,515
533,516
534,517
535,518
536,519
537,520
538,521
539,522
540,523
541,524
542,525
543,526
544,527
545,528
546,529
547,530
548,531
549,532
550,533
551,534
552,535
553,536
554,537
555,538
556,539
557,540
558,541
559,542
560,543
561,544
562,545
563,546
564,547
565,548
566,549
567,550
568,551
569,552
570,553
571,554
572,555
573,556
574,557
575,558
576,559
577,560
578,561
579,562
580,563
581,564
582,565
583,-1
584,566
585,-1
586,-1
587,-1
588,-1
589,567
590,-1
591,568
592,569
593,570
594,571
595,572
596,573
597,574
598,575
599,576
600,577
601,578
602,579
603,580
604,581
605,582
606,583
607,584
608,585
609,586
610,587
611,588
612,589
613,590
614,591
615,592
616,593
617,594
618,595
619,596
620,597
621,598
622,599
623,600
624,601
625,602
626,603
627,604
628,605
629,606
630,607
631,608
632,609
633,610
634,611
635,612
636,613
637,614
638,615
639,616
640,617
641,618
642,619
643,620
644,621
645,622
646,623
647,624
648,625
649,626
650,627
651,628
652,629
653,630
654,631
655,632
656,633
657,634
658,635
659,636
660,637
661,638
662,639
663,640
664,641
665,642
666,643
667,644
668,645
669,646
670,647
671,648
672,649
673,650
674,651
675,652
676,653
677,654
678,655
679,656
680,657
681,658
682,659
683,660
684,661
685,662
686,663
687,664
688,665
689,666
690,667
691,668
692,669
693,670
694,671
695,672
696,673
697,674
698,675
699,676
700,677
701,678
702,679
703,680
704,681
705,682
706,683
707,684
708,685
709,686
710,687
711,688
712,689
713,690
714,691
715,692
716,693
717,694
718,695
719,696
720,697
721,698
722,699
723,700
724,701
725,702
726,703
727,704
728,705
729,706
730,707
731,708
732,709
733,710
734,711
735,712
736,713
737,714
738,715
739,716
740,717
741,718
742,719
743,720
744,721
745,722
746,723
747,724
748,725
749,726
750,727
751,728
752,729
753,730
754,731
755,732
756,733
757,734
758,735
759,736
760,737
761,738
762,739
763,740
764,741
765,742
766,743
767,-1
768,-1
769,744
770,745
771,746
772,747
773,748
774,749
775,750
776,751
777,752
778,753
779,754
780,755
781,756
782,757
783,758
784,759
785,760
786,-1
787,-1
788,-1
789,761
790,762
791,763
792,-1
793,764
794,765
795,-1
796,766
797,767
798,768
799,769
800,770
801,771
802,772
803,773
804,774
805,775
806,776
807,777
808,778
809,779
810,780
811,781
812,782
813,783
814,784
815,785
816,786
817,787
818,788
819,789
820,790
821,791
822,792
823,793
824,794
825,795
826,796
827,797
828,798
829,799
830,800
831,801
832,802
833,803
834,804
835,805
836,806
837,807
838,808
839,809
840,810
841,811
842,812
843,813
844,814
845,815
846,816
847,817
848,-1
849,-1
850,818
851,819
852,820
853,821
854,822
855,823
856,824
857,825
858,826
859,827
860,828
861,829
862,830
863,831
864,832
865,833
866,834
867,835
868,836
869,837
870,838
871,839
872,840
873,841
874,842
875,843
876,844
877,845
878,846
879,847
880,848
881,849
882,850
883,851
884,852
885,853
886,854
887,-1
888,855
889,-1
890,856
891,857
892,858
893,-1
894,859
895,-1
896,860
897,861
898,862
899,863
900,864
901,865
902,-1
903,866
904,867
905,868
906,-1
907,869
908,870
909,871
910,872
911,873
912,874
913,875
914,876
915,877
916,878
917,879
918,880
919,881
920,882
921,883
922,884
923,885
924,886
925,887
926,888
927,889
928,890
929,891
930,892
931,893
932,894
933,895
934,896
935,897
936,898
937,899
938,900
939,901
940,902
941,903
942,904
943,905
944,906
945,907
946,908
947,909
948,910
949,911
950,912
951,913
952,914
953,915
954,916
955,917
956,918
957,919
958,920
959,921
960,922
961,923
962,924
963,925
964,926
965,927
966,928
967,929
968,930
969,931
970,932
971,933
972,934
973,935
974,936
975,937
976,938
977,939
978,940
979,941
980,942
981,943
982,944
983,945
984,946
985,947
986,948
987,949
988,950
989,951
990,952
991,953
992,954
993,955
994,956
995,957
996,958
997,959
998,960
999,961
1000,962
1001,963
1002,964
1003,965
1004,966
1005,967
1006,968
1007,969
1008,970
1009,971
1010,972
1011,973
1012,974
1013,975
1014,976
1015,977
1016,978
1017,979
1018,-1
1019,-1
1020,1007
1021,1008
1022,1009
1023,1010
1024,1011
1025,1012
1026,1013
1027,1014
1028,1015
1029,1016
1030,1017
1031,1018
1032,1019
1033,1020
1034,1021
1035,1022
1036,1023
1037,1024
1038,1025
1039,1026
1040,1027
1041,980
1042,981
1043,982
1044,983
1045,984
1046,985
1047,986
1048,987
1049,988
1050,989
1051,990
1052,991
1053,992
1054,993
1055,994
1056,995
1057,996
1058,997
1059,998
1060,999
1061,1000
1062,-1
1063,-1
1064,1001
1065,1002
1066,1003
1067,1004
1068,1005
1069,-1
1070,1006
1071,1028
1072,1029
1073,1030
1074,1031
1075,1032
1076,1033
1077,1034
1078,1035
1079,1036
1080,1037
1081,1038
1082,1039
1083,1040
1084,1041
1085,1042
1086,1043
1087,1044
1088,1045
1089,1046
1090,1047
1091,1048
1092,1049
1093,1050
1094,1051
1095,1052
1096,1053
1097,1054
1098,1055
1099,1056
1100,1057
1101,1058
1102,1059
1103,1060
1104,1061
1105,1062
1106,1063
1107,1064
1108,1065
1109,1066
1110,1067
1111,1068
1112,1069
1113,1070
1114,1071
1115,-1
1116,1072
1117,1073
1118,1074
1119,1075
1120,1076
1121,1077
1122,1078
1123,1079
1124,1080
1125,1081
1126,1082
1127,1083
1128,1084
1129,1085
1130,1086
1131,1087
1132,1088
1133,-1
1134,1089
1135,1090
1136,-1
1137,-1
1138,1091
1139,1092
1140,-1
1141,1093
1142,1094
1143,-1
1144,-1
1145,-1
1146,-1
1147,1095
1148,-1
1149,-1
1150,-1
1151,1096
1152,-1
1153,1097
1154,1098
1155,1099
1156,1100
1157,1101
1158,1102
1159,1103
1160,1104
1161,1105
1162,1106
1163,1107
1164,1108
1165,1109
1166,1110
1167,1111
1168,1112
1169,1113
1170,1114
1171,1115
1172,1116
1173,1117
1174,1118
1175,1119
1176,1120
1177,1121
1178,1122
1179,1123
1180,1124
1181,1125
1182,1126
1183,1127
1184,1128
1185,1129
1186,1130
1187,1131
1188,1132
1189,1133
1190,1134
1191,1135
1192,1136
1193,1137
1194,1138
1195,1139
1196,1140
1197,1141
1198,1142
1199,1143
1200,1144
1201,1145
1202,1146
1203,1147
1204,1148
1205,1149
1206,1150
1207,1151
1208,1152
1209,1153
1210,1154
1211,1155
1212,1156
1213,1157
1214,1158
1215,1159
1216,1160
1217,1161
1218,1162
1219,1163
1220,1164
1221,1165
1222,1166
1223,1167
1224,1168
1225,1169
1226,1170
1227,1171
1228,1172
1229,1173
1230,1174
1231,1175
1232,1176
1233,1177
1234,1178
1235,1179
1236,1180
1237,1181
1238,1182
1239,1183
1240,1184
1241,1185
1242,1186
1243,1187
1244,1188
1245,1189
1246,1190
1247,1191
1248,1192
1249,1193
1250,1194
1251,1195
1252,1196
1253,1197
1254,1198
1255,1199
1256,1200
1257,-1
1258,1210
1259,1211
1260,1212
1261,1213
1262,1205
1263,1206
1264,1207
1265,1208
1266,1209
1267,-1
1268,1201
1269,1202
1270,1203
1271,1204
1272,-1
1273,-1
1274,1214
1275,1215
1276,1216
1277,1217
1278,1218
1279,1219
1280,1220
1281,1221
1282,1222
1283,1223
1284,1224
1285,1225
1286,1226
1287,1227
1288,1228
1289,1229
1290,1230
1291,1231
1292,1232
1293,1233
1294,1234
1295,1235
1296,1236
1297,1237
1298,1238
1299,1239
1300,1240
1301,1241
1302,1242
1303,1243
